{
  "source_catalog": "Tempel et al. 2014 filament points catalog (CDS/VizieR table2)",
  "n_filaments_used": 15421,
  "bin_edges_mpc_h": [
    10.0,
    30.0,
    50.0,
    75.0,
    100.0,
    150.0,
    200.0,
    300.0
  ],
  "bin_centers_mpc": [
    28.571428571428573,
    57.142857142857146,
    89.28571428571429,
    125.00000000000001,
    178.57142857142858,
    250.00000000000003,
    357.14285714285717
  ],
  "pair_counts": [
    644339,
    1943294,
    4777368,
    7440348,
    21327033,
    24959238,
    38245822
  ],
  "correlation_values": [
    0.008197130574008279,
    0.0035162931050771455,
    0.0018143725963512022,
    0.002062207365835934,
    0.0014315290966919253,
    0.0011276614737686123,
    0.00030346971784012914
  ],
  "correlation_errors": [
    0.00037561629444229146,
    0.00021487115107605824,
    0.0001367666410472338,
    0.00010959769253619462,
    6.467184083645205e-05,
    5.9749731193813525e-05,
    4.8207495425985285e-05
  ],
  "correlation_amplitude": 0.004216044810120892,
  "correlation_amplitude_sigma": 0.00023650793340725663,
  "r_texture_mpc": 162.97500495322546,
  "r_texture_sigma": 8.511335291780199,
  "chi2_reduced": 13.43400400557535,
  "pass_amplitude": true,
  "pass_length_above_bao": true,
  "bao_scale_mpc": 147.0,
  "fit_min_mpc": 30.0,
  "significance_amplitude_sigma_units": 17.82622996777466
}