{
  "corr": [
    0.003938252973742522,
    0.0004270270264589699,
    -9.506259497973266e-07,
    -0.0033279542928952616,
    0.0018750950822288273,
    -0.004011489715428656,
    0.0005662585201833634,
    -0.010793243154793906,
    0.0022579690678179707,
    0.011197731280832006,
    0.06517220796747619,
    NaN
  ],
  "exp_fit": {
    "amplitude": 0.14681039189492248,
    "chi2": 11.172620591854725,
    "scale_mpc_h": 8.294503532302492
  },
  "falsification_logic": {
    "confirm_like": "A positive orientation correlation reappears with a characteristic scale of the same order as the earlier claim.",
    "falsify_like": "The signal vanishes in an independent reconstruction."
  },
  "n_galaxies": 15000,
  "notes": [
    "This is deliberately independent of the original Tempel catalogue; it trades sophistication for independence and reproducibility.",
    "Use larger samples and deeper cuts for a publication-grade rerun."
  ],
  "r_mid_mpc_over_h": [
    30.0,
    50.0,
    70.0,
    90.0,
    110.0,
    130.0,
    150.0,
    170.0,
    190.0,
    210.0,
    230.0,
    250.0
  ],
  "selection": {
    "k_neighbors": 12,
    "limit_per_slice": 2500,
    "z_max": 0.12,
    "z_min": 0.02
  },
  "stderr": [
    0.0023860487632937585,
    0.001993275868512839,
    0.0019913272913511244,
    0.0021342610684652683,
    0.0025289072489659255,
    0.0030494135107009992,
    0.0037445405066804677,
    0.00484335232305042,
    0.007576188485689899,
    0.016358892900001747,
    0.06835846652896445,
    NaN
  ],
  "test_name": "Independent filament replication"
}