{
  "density_stratified_null_control": {
    "n_null_draws": 32,
    "null_mean": 0.0032268432748746158,
    "null_std": 0.005098729408705583,
    "observed_high_minus_low_mean_corr_20_120_mpc_h": -0.018915140325832892,
    "observed_z_vs_density_stratified_null": 0.044981337764710416
  },
  "falsification_logic": {
    "confirm_like": "A positive orientational correlation with characteristic scale above ~100 Mpc/h reappears and survives density-stratified shuffles of filament axes.",
    "falsify_like": "No stable large-scale correlation appears, or the apparent ordering collapses under density-stratified null controls."
  },
  "full_sample": {
    "corr": [
      0.003933178677732971,
      0.010923067875351685,
      -0.003689772141079948,
      -0.0005399533666157732,
      0.002240690294957042,
      0.0062141438224681865,
      0.00033152943702629417,
      0.003256422838136816,
      0.006406270091646934,
      -0.0002786911116898791,
      -0.0008253845629552889,
      0.003300723392489972,
      0.006662190536264807
    ],
    "counts": [
      686,
      1639,
      2714,
      3948,
      5249,
      6660,
      7956,
      8915,
      9928,
      10683,
      11337,
      11796,
      11824
    ],
    "exp_fit": {
      "amplitude": 0.002802581506864847,
      "chi2": 10.591325143816226,
      "scale_mpc_h": 78470159150436.31
    },
    "n_galaxies": 18000,
    "r_edges": [
      20.0,
      40.0,
      60.0,
      80.0,
      100.0,
      120.0,
      140.0,
      160.0,
      180.0,
      200.0,
      220.0,
      240.0,
      260.0,
      280.0
    ],
    "r_mid_mpc_over_h": [
      30.0,
      50.0,
      70.0,
      90.0,
      110.0,
      130.0,
      150.0,
      170.0,
      190.0,
      210.0,
      230.0,
      250.0,
      270.0
    ],
    "stderr": [
      0.011681181203877808,
      0.0073677316026737,
      0.005828474285414124,
      0.004768012853324684,
      0.004126883758017081,
      0.0037062773576813654,
      0.0033653955953187277,
      0.0031776052434647597,
      0.00300837188553152,
      0.0029037349170284088,
      0.0028008498347415964,
      0.0027534637482697416,
      0.0027724006445275706
    ]
  },
  "high_density": {
    "corr": [
      0.009646518887594244,
      0.0050602542551218925,
      0.008626209201759159,
      -0.0017990020698888005,
      -0.0002259928346268505,
      0.00274205272467115,
      0.0012190168883815834,
      0.006301226219854803,
      0.005300327870681673,
      0.004827799081422732,
      0.0003478227890761669,
      0.006281010761377221,
      0.0067392415444566985
    ],
    "counts": [
      3233,
      5426,
      7728,
      9746,
      11784,
      13398,
      14722,
      16189,
      16677,
      16356,
      16632,
      15753,
      14062
    ],
    "exp_fit": {
      "amplitude": 0.003860451591508358,
      "chi2": 16.47328761726378,
      "scale_mpc_h": 1.3909972040045848e+16
    },
    "n_galaxies": 4500,
    "r_edges": [
      20.0,
      40.0,
      60.0,
      80.0,
      100.0,
      120.0,
      140.0,
      160.0,
      180.0,
      200.0,
      220.0,
      240.0,
      260.0,
      280.0
    ],
    "r_mid_mpc_over_h": [
      30.0,
      50.0,
      70.0,
      90.0,
      110.0,
      130.0,
      150.0,
      170.0,
      190.0,
      210.0,
      230.0,
      250.0,
      270.0
    ],
    "stderr": [
      0.005395423427166284,
      0.004082478893806393,
      0.0034324786874853027,
      0.003030840755011905,
      0.0027540274917148316,
      0.00257269624537286,
      0.0024460042185289435,
      0.002361029463165197,
      0.0023326397664614083,
      0.0023551888337112604,
      0.002304381728030075,
      0.002387479940130306,
      0.002529118632292751
    ]
  },
  "low_density": {
    "corr": [
      0.08632736540090644,
      -0.011489877927338406,
      0.009835513920478081,
      0.014696856571924667,
      0.01651383110315331,
      0.010009538360822967,
      0.014718021708329873,
      0.004178595102563271,
      0.009309672515761199,
      0.006889540115217011,
      -0.00040830090883103875,
      0.005639832775960687,
      -6.898433185094131e-05
    ],
    "counts": [
      442,
      1038,
      1747,
      2545,
      3446,
      4051,
      4868,
      5623,
      6047,
      6402,
      6922,
      7204,
      7246
    ],
    "exp_fit": {
      "amplitude": 0.03182008470847768,
      "chi2": 37.758959305049686,
      "scale_mpc_h": 114.69362694742799
    },
    "n_galaxies": 4500,
    "r_edges": [
      20.0,
      40.0,
      60.0,
      80.0,
      100.0,
      120.0,
      140.0,
      160.0,
      180.0,
      200.0,
      220.0,
      240.0,
      260.0,
      280.0
    ],
    "r_mid_mpc_over_h": [
      30.0,
      50.0,
      70.0,
      90.0,
      110.0,
      130.0,
      150.0,
      170.0,
      190.0,
      210.0,
      230.0,
      250.0,
      270.0
    ],
    "stderr": [
      0.014847317325893505,
      0.00909376097813955,
      0.007243469945650446,
      0.005974220869815526,
      0.00519650174277937,
      0.004770722429195171,
      0.004374287961137815,
      0.003998076340822433,
      0.0038810150628499442,
      0.003735514669504266,
      0.0036347127814247925,
      0.00353578795476495,
      0.003522475925998987
    ]
  },
  "notes": [
    "This is an independent transparent-finder replication, not a Bisous/Tempel catalogue reproduction.",
    "The density-stratified null preserves the coarse density distribution while breaking within-bin orientational coherence."
  ],
  "source_used": "sdss_fallback",
  "test_name": "Euclid-Q1 filament ordering test"
}