{
  "best_common_scale_gev": 2000.0000000000002,
  "best_down_q": 0.7489144091078134,
  "best_joint_distance_to_2over3": 0.23192979593030078,
  "best_up_q": 0.8835220057056857,
  "falsification_logic": {
    "confirm_like": "A narrow common-scale window emerges where lepton, up-type, and down-type Koide ratios all approach 2/3 together.",
    "falsify_like": "No common window survives; any apparent agreement requires sector-dependent scales."
  },
  "notes": [
    "This is a transparent one-loop public-data stress test, not a precision flavour-RG calculation."
  ],
  "pdg_2024_lepton_q": 0.6673745041323557,
  "scan_down_q_sample": [
    0.7489144091078133,
    0.748914409107813,
    0.7489144091078135,
    0.7489144091078133,
    0.7489144091078133,
    0.7489144091078135,
    0.7489144091078135,
    0.7489144091078133,
    0.7489144091078134,
    0.7489144091078133,
    0.7489144091078134,
    0.7489144091078134,
    0.7489144091078134,
    0.7489144091078134,
    0.7489144091078134,
    0.7489144091078134,
    0.7489144091078133,
    0.7489144091078133,
    0.7489144091078134,
    0.7489144091078134
  ],
  "scan_mu_gev": [
    2.0,
    2.8275216276147215,
    3.9974392773145015,
    5.651423005841657,
    7.989760387908341,
    11.295610148135111,
    15.969290995478175,
    22.57675783369378,
    31.918135528094624,
    45.124609259412686,
    63.795404309326436,
    90.19144271352295,
    127.50912744913015,
    180.2674077903486,
    254.85499714062672,
    360.3040081604048,
    509.3836877949081,
    720.1466969971241,
    1018.1151804073364,
    1439.371346002303
  ],
  "scan_up_q_sample": [
    0.8870018045632562,
    0.886654255000242,
    0.8863487100978227,
    0.8860760346894312,
    0.8858297896223362,
    0.8856052642559482,
    0.8853989076804313,
    0.8852079763377354,
    0.8850303061587664,
    0.8848641598662078,
    0.8847081215103053,
    0.8845610217151626,
    0.8844218834879952,
    0.8842898821533592,
    0.88416431521047,
    0.8840445793018128,
    0.8839301523693015,
    0.8838205796554642,
    0.8837154625959027,
    0.8836144499144438
  ],
  "test_name": "Koide common-scale scan"
}