{
  "a0_intercept": -0.23287829761354506,
  "a0_slope": -1.8568340463265276e-06,
  "a0_stage_lag_dz": 678.1522169369532,
  "a0_stage_loading": 0.24678029290442044,
  "chi2": 0.5174969116231397,
  "chi2_null": 1.593466769862141,
  "delta_chi2_vs_null": 1.0759698582390014,
  "growth_intercept": 88265198.04418373,
  "growth_slope": 642.6071226000786,
  "growth_stage_loading": -93051974.12400986,
  "message": "Optimization terminated successfully.",
  "n_a0_points": 6,
  "n_growth_points": 6,
  "optimizer_success": true,
  "shared_stage_width": 7063.716001046623,
  "shared_stage_zc": -20587.120079469212
}

5707,02
Хтось в EIGSI - École d'ingénieurs généralistes