{
  "bin_days": 60.0,
  "bootstrap_sims": 300,
  "dark_matter_like_not_hd": null,
  "dataset": {
    "filename": "NANOGrav15yr_PulsarTiming_v2.1.0.tar.gz",
    "name": "NANOGrav 15-year public release",
    "record_id": "16051178"
  },
  "false_alarm_threshold_1pct": 0.6708574552837812,
  "frequency_ratios": [],
  "hd_correlation_with_hd_curve": null,
  "line_amplitudes": [],
  "line_frequencies_hz": [],
  "min_points_per_bin": 2,
  "min_pulsars_per_bin": 8,
  "n_lines_detected": 0,
  "notes": [
    "Search performed on the slow modulation of the aggregate residual-variance envelope.",
    "Null threshold estimated from circular-shift simulations of per-pulsar variance series.",
    "If no explicit RVM ratio prediction is provided, ratios_match_rvm is forced false."
  ],
  "pass_v6": false,
  "predicted_ratios_input": [
    1.0,
    2.0
  ],
  "ratio_fractional_errors": null,
  "ratio_tolerance": 0.3,
  "ratios_match_rvm": false,
  "selected_pulsars": [
    "J0645+5158",
    "J0636+5128",
    "J1713+0747",
    "J0030+0451",
    "J2043+1711",
    "J1640+2224",
    "J2124-3358",
    "J2322+2057",
    "J1744-1134",
    "J1853+1303",
    "J0023+0923",
    "J2229+2643",
    "J2017+0603",
    "J0406+3039",
    "J1455-3330",
    "J1630+3734",
    "J2234+0611",
    "J1453+1902",
    "J2214+3000",
    "J1923+2515",
    "J1024-0719",
    "J1730-2304",
    "J2145-0750",
    "J1012+5307",
    "J2033+1734",
    "J1909-3744",
    "J0931-1902",
    "J0614-3329",
    "J1843-1113",
    "J0740+6620"
  ],
  "selected_wrms": {
    "J0023+0923": 0.00025032275644552523,
    "J0030+0451": 0.00016758165120937915,
    "J0406+3039": 0.0003902482365315826,
    "J0614-3329": 0.0006675838939435427,
    "J0636+5128": 0.00010992076730047501,
    "J0645+5158": 0.0001077520166181208,
    "J0740+6620": 0.000688615615998505,
    "J0931-1902": 0.0006217310315380538,
    "J1012+5307": 0.000543692595974488,
    "J1024-0719": 0.0004640458333635548,
    "J1453+1902": 0.0004230062140325841,
    "J1455-3330": 0.0004066315560394165,
    "J1630+3734": 0.0004146926234066482,
    "J1640+2224": 0.00019785412779984335,
    "J1713+0747": 0.00016288651226351424,
    "J1730-2304": 0.00048817166100438504,
    "J1744-1134": 0.0002368194191420185,
    "J1843-1113": 0.0006746465904609582,
    "J1853+1303": 0.00023720008402213391,
    "J1909-3744": 0.0006130695187718425,
    "J1923+2515": 0.0004584833524179862,
    "J2017+0603": 0.000372412637773291,
    "J2033+1734": 0.0005820919680914273,
    "J2043+1711": 0.0001801384875397021,
    "J2124-3358": 0.00019887118024660818,
    "J2145-0750": 0.0005102357098972968,
    "J2214+3000": 0.0004323143293647404,
    "J2229+2643": 0.0002606241865278257,
    "J2234+0611": 0.00042077919121530014,
    "J2322+2057": 0.00020036256892672362
  }
}