{
  "falsification_logic": {
    "confirm_like": "Both transparent filament estimators recover a similar-sign large-scale signal and exceed shuffled-axis nulls across multiple bins.",
    "falsify_like": "The sign/scale changes strongly between finders or neither beats the shuffled nulls cleanly."
  },
  "finder_curve_correlation": 0.23359165493576195,
  "knn_corr": [
    0.04209900392258851,
    0.04238015890918838,
    0.029775034792134933,
    0.03543852153404536,
    0.03433319753151339,
    0.031271289791089486,
    0.033244037471861124,
    0.03368806625643364,
    0.032077743186074086,
    0.0417556866246432,
    0.03520412770350248,
    0.03412317116982268,
    0.03744640916106858
  ],
  "knn_shuffle_null_mean": [
    0.0388542673066925,
    0.03789747539782481,
    0.03757847052697046,
    0.036684149856259576,
    0.036718234366937906,
    0.03659427368629197,
    0.036562038680312874,
    0.03478479906441008,
    0.03556471777972574,
    0.037502621369275055,
    0.035815593164155515,
    0.03527270778260753,
    0.03635648747438251
  ],
  "knn_shuffle_null_std": [
    0.006494074783107796,
    0.00504318986347857,
    0.004556507764167226,
    0.003408147501578339,
    0.0032887302462888007,
    0.004486664591534423,
    0.002376917457426669,
    0.002869242342826066,
    0.0036102088376456444,
    0.003958876630553163,
    0.0035030063537169255,
    0.004569259069323174,
    0.0028079234866616068
  ],
  "knn_z_vs_shuffle": [
    0.49964571155480425,
    0.8888587645343207,
    -1.7125913394030465,
    -0.3654854496870688,
    -0.7252151003007717,
    -1.1864011197195474,
    -1.3959261387410271,
    -0.3822377746231814,
    -0.9658650650042844,
    1.0743111372919631,
    -0.17455448232465495,
    -0.2515805287781869,
    0.3881593255170561
  ],
  "mst_corr": [
    0.21918498354818478,
    0.18049260542412435,
    0.1674652991894833,
    0.16290533484470604,
    0.15917412716682333,
    0.14834731955239883,
    0.14820897826584073,
    0.13792142196798965,
    0.13270761889810165,
    0.12144670410470053,
    0.10602734732676304,
    0.09384278358799603,
    0.0815667269693289
  ],
  "mst_shuffle_null_mean": [
    0.10378407072829825,
    0.10398571462891586,
    0.10362140944923812,
    0.10491943261933971,
    0.10468009455786016,
    0.10355335280135163,
    0.10500212518042173,
    0.10392872148858312,
    0.1034875302403312,
    0.10341439956215773,
    0.10275832032814944,
    0.10326870346147146,
    0.10219127650377624
  ],
  "mst_shuffle_null_std": [
    0.005800093525739355,
    0.00691597508808794,
    0.005545001471010206,
    0.004707323282577065,
    0.004366630852019326,
    0.004013308344277096,
    0.00381532701682037,
    0.005082124954685203,
    0.004326994644639217,
    0.0033140962512716687,
    0.004463345249295624,
    0.003449057144282769,
    0.004285586975716969
  ],
  "mst_z_vs_shuffle": [
    19.89638827507976,
    11.06234331684968,
    11.513773273826365,
    12.318232410335208,
    12.479651808387395,
    11.161356892729804,
    11.324547776622007,
    6.688678610325925,
    6.752975461610911,
    5.441092586138237,
    0.7324163415611865,
    -2.7328975656724164,
    -4.812537851013255
  ],
  "n_galaxies": 12000,
  "notes": [
    "This is a dual-finder consistency check using two transparent local filament estimators rather than an external filament catalogue."
  ],
  "r_mid_mpc_over_h": [
    30.0,
    50.0,
    70.0,
    90.0,
    110.0,
    130.0,
    150.0,
    170.0,
    190.0,
    210.0,
    230.0,
    250.0,
    270.0
  ],
  "test_name": "Filament dual-finder consistency"
}