{
  "test_name": "T17 / P3 filament orientational correlation",
  "analysis_mode": "public cosmic-web filament-catalog proxy",
  "density_quantile_split": 0.5,
  "density_threshold": 1.0056147326656073,
  "full": {
    "s_mid_mpc_h": [
      14.21875,
      32.65625,
      51.09375,
      69.53125,
      87.96875,
      106.40625,
      124.84375,
      143.28125,
      161.71875,
      180.15625,
      198.59375,
      217.03125,
      235.46875,
      253.90625,
      272.34375,
      290.78125
    ],
    "corr": [
      0.3666488460074436,
      0.27122739156487613,
      0.21253049811805697,
      0.213329035761841,
      0.17783454274811064,
      0.19835553210111592,
      0.16207493080594182,
      0.18151932582939972,
      0.15744974538331813,
      0.16683920032867125,
      0.1773445848299753,
      0.1584935524735581,
      0.1450482346245723,
      0.144881812428368,
      0.14362745174686672,
      0.14987070762744023
    ],
    "fit": {
      "A": 0.29289350411549464,
      "A_err": 0.021357496143719557,
      "r_texture_mpc_h": 320.65930687501304,
      "r_texture_err_mpc_h": 55.575068081483565
    },
    "n_points": 7073832,
    "density_mean": 1.2163037964835461,
    "density_median": 1.0056147326656073
  },
  "low_density": {
    "s_mid_mpc_h": [
      14.21875,
      32.65625,
      51.09375,
      69.53125,
      87.96875,
      106.40625,
      124.84375,
      143.28125,
      161.71875,
      180.15625,
      198.59375,
      217.03125,
      235.46875,
      253.90625,
      272.34375,
      290.78125
    ],
    "corr": [
      0.28555360795073037,
      0.21994707048536652,
      0.16608222981075635,
      0.1285060606821586,
      0.1510441363569384,
      0.1298266245342402,
      0.12104218125223583,
      0.11906555850929942,
      0.10899964189817449,
      0.09914543772751909,
      0.11233914667195342,
      0.08781030058369506,
      0.08385846345677098,
      0.07724577619142722,
      0.08066102753041197,
      0.08289554216241536
    ],
    "fit": {
      "A": 0.24793039766037764,
      "A_err": 0.01726993902213672,
      "r_texture_mpc_h": 202.23347754095266,
      "r_texture_err_mpc_h": 25.030773137804566
    },
    "n_points": 3536916,
    "density_mean": 0.6248240047712603,
    "density_median": 0.6561094475058603
  },
  "high_density": {
    "s_mid_mpc_h": [
      14.21875,
      32.65625,
      51.09375,
      69.53125,
      87.96875,
      106.40625,
      124.84375,
      143.28125,
      161.71875,
      180.15625,
      198.59375,
      217.03125,
      235.46875,
      253.90625,
      272.34375,
      290.78125
    ],
    "corr": [
      0.5092408964270013,
      0.26846242962802896,
      0.3132028283568379,
      0.32669009596905435,
      0.3317000704632172,
      0.29583887916643026,
      0.33867371312135236,
      0.35509654024315823,
      0.34120276363926644,
      0.3107943790901382,
      0.32984074513785644,
      0.32513474589673325,
      0.3218665451840639,
      0.295409588518429,
      0.28146694785686033,
      0.2756416986440553
    ],
    "fit": {
      "A": 0.37212110533279746,
      "A_err": 0.02772671447811089,
      "r_texture_mpc_h": 1135.101100007311,
      "r_texture_err_mpc_h": 587.7573625180075
    },
    "n_points": 3536916,
    "density_mean": 1.8077835881958315,
    "density_median": 1.4615309618793624
  },
  "delta_r_texture_high_minus_low_mpc_h": 932.8676224663584,
  "support_like": true,
  "falsification_logic": {
    "confirm_like": "High-density subset shows longer correlation scale or stronger positive correlation than low-density subset.",
    "falsify_like": "No density dependence or wrong-sign dependence."
  },
  "notes": [
    "Uses the public SDSS-IV Cosmic Web Catalog directly.",
    "Orientation is derived from released direction/gradient columns rather than rerunning filament finding from galaxies."
  ]
}