n_harmonics,chi2_total,aic,bic,param_count,delta_chi2_vs_prev,delta_bic_vs_prev,lr_pvalue_vs_prev,fit_success,elapsed_sec
0,1953.9327732717184,1957.9327732717184,1968.8329324113333,2,,,,True,0.246124267578125
1,1944.8492554617067,1954.8492554617067,1982.099653310744,5,9.083517810011699,13.266720899410757,0.028200835543205294,True,0.7138111591339111
2,1935.4648507021307,1951.4648507021307,1995.0654872605905,8,9.384404759576,12.965833949846456,0.024593436237349824,True,3.427743911743164
3,1933.6189475189033,1955.6189475189033,2015.5698227867858,11,1.8459031832273922,20.50433552619529,0.6049971934036378,True,9.169753074645996
4,1932.1652370311554,1960.1652370311554,2036.4663510084604,14,1.4537104877479123,20.896528221674544,0.692994377490058,True,21.58958673477173
5,1930.7877167676477,1964.7877167676477,2057.4390694543754,17,1.3775202635076766,20.972718445915007,0.7108124625522524,True,25.230676412582397
6,1929.7523307382073,1969.7523307382073,2078.7539221343573,20,1.0353860294403603,21.31485267998187,0.7926904516228381,True,27.59241509437561
