{
  "test_name": "CCDR Test 02 oscillation-only rerun",
  "basis": "w(z) = -1 + sum_k [c_k cos(2*pi*f_k*z) + s_k sin(2*pi*f_k*z)]",
  "no_drift_term": true,
  "pantheon_source": "p02_public_data\\pantheon_plus\\Pantheon+SH0ES.dat",
  "bao_sources": [
    "DESI_DR2_auto",
    "SDSS_DR12_auto"
  ],
  "settings": {
    "target_harmonics": 6,
    "headline_threshold": 6,
    "period_min": 0.25,
    "period_max": 2.5,
    "frequency_min": 0.4,
    "frequency_max": 4.0,
    "multistart": 2,
    "integration_n": 1000,
    "coeff_bound": 0.2,
    "amp_prior_sigma": 0.05,
    "freq_repulsion_strength": 2.0,
    "rd_mpc": 147.09
  },
  "model_selection": [
    {
      "n_harmonics": 0,
      "chi2_total": 1953.9327732717184,
      "aic": 1957.9327732717184,
      "bic": 1968.8329324113333,
      "param_count": 2,
      "fit_success": true,
      "fit_message": "CONVERGENCE: RELATIVE REDUCTION OF F <= FACTR*EPSMCH",
      "nfev": 72,
      "nit": 9,
      "elapsed_sec": 0.246124267578125,
      "delta_chi2_vs_prev": null,
      "delta_bic_vs_prev": null,
      "lr_pvalue_vs_prev": null,
      "harmonics": [],
      "theta": [
        0.23808578588796,
        0.7369964210007509
      ]
    },
    {
      "n_harmonics": 1,
      "chi2_total": 1944.8492554617067,
      "aic": 1954.8492554617067,
      "bic": 1982.099653310744,
      "param_count": 5,
      "fit_success": true,
      "fit_message": "CONVERGENCE: RELATIVE REDUCTION OF F <= FACTR*EPSMCH",
      "nfev": 228,
      "nit": 32,
      "elapsed_sec": 0.7138111591339111,
      "delta_chi2_vs_prev": 9.083517810011699,
      "delta_bic_vs_prev": 13.266720899410757,
      "lr_pvalue_vs_prev": 0.028200835543205294,
      "harmonics": [
        {
          "harmonic_index": 1,
          "frequency": 1.3567569151036414,
          "period_in_z": 0.7370517068074873,
          "cos_coeff": 0.09717206926969699,
          "sin_coeff": -0.07784140995472791,
          "amplitude": 0.12450580769544368,
          "phase_rad": 0.6753916643909554
        }
      ],
      "theta": [
        0.2421016871740407,
        0.7359115572164581,
        1.3567569151036414,
        0.09717206926969699,
        -0.07784140995472791
      ]
    },
    {
      "n_harmonics": 2,
      "chi2_total": 1935.4648507021307,
      "aic": 1951.4648507021307,
      "bic": 1995.0654872605905,
      "param_count": 8,
      "fit_success": true,
      "fit_message": "CONVERGENCE: RELATIVE REDUCTION OF F <= FACTR*EPSMCH",
      "nfev": 1062,
      "nit": 105,
      "elapsed_sec": 3.427743911743164,
      "delta_chi2_vs_prev": 9.384404759576,
      "delta_bic_vs_prev": 12.965833949846456,
      "lr_pvalue_vs_prev": 0.024593436237349824,
      "harmonics": [
        {
          "harmonic_index": 1,
          "frequency": 0.43143814693008486,
          "period_in_z": 2.3178293507784127,
          "cos_coeff": -0.021788960654572087,
          "sin_coeff": -0.09479113010046729,
          "amplitude": 0.09726313357141135,
          "phase_rad": 1.796734464979382
        },
        {
          "harmonic_index": 2,
          "frequency": 1.8356634959887295,
          "period_in_z": 0.5447621539487975,
          "cos_coeff": 0.10657754223602343,
          "sin_coeff": 0.009768154157334756,
          "amplitude": 0.10702424652719035,
          "phase_rad": -0.0913976739829762
        }
      ],
      "theta": [
        0.24917449409315187,
        0.7362697551225138,
        1.8356634959887295,
        0.43143814693008486,
        0.10657754223602343,
        -0.021788960654572087,
        0.009768154157334756,
        -0.09479113010046729
      ]
    },
    {
      "n_harmonics": 3,
      "chi2_total": 1933.6189475189033,
      "aic": 1955.6189475189033,
      "bic": 2015.5698227867858,
      "param_count": 11,
      "fit_success": true,
      "fit_message": "CONVERGENCE: RELATIVE REDUCTION OF F <= FACTR*EPSMCH",
      "nfev": 2772,
      "nit": 199,
      "elapsed_sec": 9.169753074645996,
      "delta_chi2_vs_prev": 1.8459031832273922,
      "delta_bic_vs_prev": 20.50433552619529,
      "lr_pvalue_vs_prev": 0.6049971934036378,
      "harmonics": [
        {
          "harmonic_index": 1,
          "frequency": 0.4087361372499466,
          "period_in_z": 2.446566155682215,
          "cos_coeff": -0.03289707355996769,
          "sin_coeff": -0.0894435194874201,
          "amplitude": 0.0953014198588165,
          "phase_rad": 1.9232372845768992
        },
        {
          "harmonic_index": 2,
          "frequency": 1.8192434790240697,
          "period_in_z": 0.5496790350109972,
          "cos_coeff": 0.09946576454064798,
          "sin_coeff": 0.005094875198307113,
          "amplitude": 0.09959616493089456,
          "phase_rad": -0.05117767260986612
        },
        {
          "harmonic_index": 3,
          "frequency": 3.114673158589362,
          "period_in_z": 0.3210609746458601,
          "cos_coeff": 0.03754284067170147,
          "sin_coeff": 0.05271181035611788,
          "amplitude": 0.06471475748791847,
          "phase_rad": -0.9519105391567393
        }
      ],
      "theta": [
        0.24985564794339338,
        0.7353392784984379,
        1.8192434790240697,
        0.4087361372499466,
        3.114673158589362,
        0.09946576454064798,
        -0.03289707355996769,
        0.03754284067170147,
        0.005094875198307113,
        -0.0894435194874201,
        0.05271181035611788
      ]
    },
    {
      "n_harmonics": 4,
      "chi2_total": 1932.1652370311554,
      "aic": 1960.1652370311554,
      "bic": 2036.4663510084604,
      "param_count": 14,
      "fit_success": true,
      "fit_message": "CONVERGENCE: RELATIVE REDUCTION OF F <= FACTR*EPSMCH",
      "nfev": 6360,
      "nit": 365,
      "elapsed_sec": 21.58958673477173,
      "delta_chi2_vs_prev": 1.4537104877479123,
      "delta_bic_vs_prev": 20.896528221674544,
      "lr_pvalue_vs_prev": 0.692994377490058,
      "harmonics": [
        {
          "harmonic_index": 1,
          "frequency": 0.4,
          "period_in_z": 2.5,
          "cos_coeff": -0.031061094294043547,
          "sin_coeff": -0.08226189203002053,
          "amplitude": 0.08793071396902348,
          "phase_rad": 1.931833900122511
        },
        {
          "harmonic_index": 2,
          "frequency": 1.4110395245828369,
          "period_in_z": 0.7086973699731355,
          "cos_coeff": 0.0684487813798467,
          "sin_coeff": -0.03342746495612085,
          "amplitude": 0.07617500302447473,
          "phase_rad": 0.4542901765161242
        },
        {
          "harmonic_index": 3,
          "frequency": 1.9869989668507535,
          "period_in_z": 0.5032715248890773,
          "cos_coeff": 0.08322163544937967,
          "sin_coeff": 0.019177740108336946,
          "amplitude": 0.08540273018195825,
          "phase_rad": -0.2264879121002035
        },
        {
          "harmonic_index": 4,
          "frequency": 3.1532698978872853,
          "period_in_z": 0.31713111543988276,
          "cos_coeff": 0.032824411510905864,
          "sin_coeff": 0.048095589567707195,
          "amplitude": 0.05822909690955746,
          "phase_rad": -0.9719238869306034
        }
      ],
      "theta": [
        0.2511217152700489,
        0.7341765375003685,
        1.4110395245828369,
        0.4,
        3.1532698978872853,
        1.9869989668507535,
        0.0684487813798467,
        -0.031061094294043547,
        0.032824411510905864,
        0.08322163544937967,
        -0.03342746495612085,
        -0.08226189203002053,
        0.048095589567707195,
        0.019177740108336946
      ]
    },
    {
      "n_harmonics": 5,
      "chi2_total": 1930.7877167676477,
      "aic": 1964.7877167676477,
      "bic": 2057.4390694543754,
      "param_count": 17,
      "fit_success": true,
      "fit_message": "CONVERGENCE: RELATIVE REDUCTION OF F <= FACTR*EPSMCH",
      "nfev": 7578,
      "nit": 366,
      "elapsed_sec": 25.230676412582397,
      "delta_chi2_vs_prev": 1.3775202635076766,