harmonic_index,frequency,period_in_z,cos_coeff,sin_coeff,amplitude,phase_rad
1,0.4,2.5,-0.024009023747852676,-0.06976038798380393,0.07377631701959518,1.9022627289022056
2,0.8837832605465966,1.1314991408431139,0.0340886000287088,-0.04349369338956145,0.05526060094300882,0.9060368087636957
3,1.477111135664896,0.676997130314008,0.05622556337617409,-0.031369885991848936,0.06438465441477316,0.5089105316620012
4,1.9100836270943222,0.5235372869622629,0.07486458163749563,0.004720753217759897,0.07501327279022185,-0.06297385346605526
5,2.45309868409989,0.40764768514273114,0.0446565803454305,0.031996250713943235,0.05493605580943541,-0.6217113690545149
6,3.2282406784203186,0.30976624719608326,0.026031913756557886,0.040740358405670384,0.048347050963335345,-1.0022133629363903
