{
  "test_name": "T13 / P33 density-correlated BAO",
  "analysis_mode": "public-data proxy clustering estimator",
  "target": "LRG",
  "desi_version": "v1.5",
  "z_range": [
    0.4,
    1.1
  ],
  "density_quantile": 0.2,
  "knn": 16,
  "falsification_logic": {
    "confirm_like": "High-density subsamples show a positive BAO shift (delta rd > 0) with a stable sign across regions and a positive density-vs-rd trend.",
    "falsify_like": "The shift is null within noise or wrong-sign (delta rd <= 0)."
  },
  "regions": [
    {
      "region": "NGC",
      "n_data": 5000,
      "n_random": 10000,
      "n_low": 1000,
      "n_high": 1000,
      "density_low_threshold": 3.406315649834113e-07,
      "density_high_threshold": 1.3046707173196842e-06,
      "density_mean_low": 1.9457080888447447e-07,
      "density_mean_high": 1.658674296403653e-06,
      "low": {
        "fit": {
          "rd_mpc_h": 110.97885811257251,
          "rd_err_mpc_h": 7.625927530518181,
          "sigma_mpc_h": 17.193299043157303,
          "amp": -8.056972594186888,
          "params": [
            9.251821300942614,
            0.07581272985810697,
            -0.005498229026903287,
            -8.056972594186888,
            110.97885811257251,
            17.193299043157303
          ]
        }
      },
      "high": {
        "fit": {
          "rd_mpc_h": 90.31730017882268,
          "rd_err_mpc_h": 25.723909840769544,
          "sigma_mpc_h": 29.999999999999996,
          "amp": -18.064037215855517,
          "params": [
            18.218428759304675,
            -0.08824628048612498,
            -0.00670763359199313,
            -18.064037215855517,
            90.31730017882268,
            29.999999999999996
          ]
        }
      }
    }
  ],
  "rd_low_regions_mpc_h": [
    110.97885811257251
  ],
  "rd_high_regions_mpc_h": [
    90.31730017882268
  ],
  "delta_rd_regions_mpc_h": [
    -20.661557933749833
  ],
  "delta_rd_over_rd_regions": [
    -0.18617562196208196
  ],
  "rd_low_mean_mpc_h": 110.97885811257251,
  "rd_high_mean_mpc_h": 90.31730017882268,
  "delta_rd_mean_mpc_h": -20.661557933749833,
  "delta_rd_over_rd_mean": -0.18617562196208196,
  "pearson_density_vs_rd_r": NaN,
  "pearson_density_vs_rd_p": NaN,
  "s_mid_mpc_h": [
    42.5,
    47.5,
    52.5,
    57.5,
    62.5,
    67.5,
    72.5,
    77.5,
    82.5,
    87.5,
    92.5,
    97.5,
    102.5,
    107.5,
    112.5,
    117.5,
    122.5,
    127.5,
    132.5,
    137.5,
    142.5,
    147.5,
    152.5,
    157.5,
    162.5,
    167.5,
    172.5,
    177.5
  ],
  "xi_low_mean": [
    NaN,
    0.5646791377364626,
    5.556358358358358,
    2.778123658793929,
    -0.7198998516588878,
    -0.94969290102285,
    4.282317021021021,
    -0.8954162970309765,
    10.743144053144054,
    1.9105405168013863,
    0.335456647398844,
    7.458964036036035,
    -0.5995608884746815,
    2.6844582239382238,
    2.6867070429804807,
    1.0344777327935222,
    -1.6818292764309024,
    6.29613609919883,
    -0.9892265461942882,
    4.927740046795262,
    -0.6777664845372756,
    -0.11713132775632769,
    4.833124193500431,
    1.5704902532590392,
    3.9073888441633122,
    -0.34670813600886946,
    -0.9716473061296589,
    -0.6359398829208954
  ],
  "xi_high_mean": [
    NaN,
    0.9913772522522523,
    2.920814414414415,
    0.020253562653562554,
    3.2795881517881518,
    -4.979693693693693,
    0.0869159159159161,
    4.070723547076489,
    1.9563948479729731,
    -4.327046546546546,
    3.338084084084084,
    0.7574622241288909,
    NaN,
    1.3643612567791674,
    -0.4850536640536642,
    5.603578912245578,
    1.4873013838580846,
    3.13729703989704,
    3.358082582582582,
    -1.9256305797322748,
    NaN,
    -3.7323652938652936,
    0.3595192513942514,
    1.4859717364423248,
    -0.5187799011132345,
    8.03140478409444,
    -7.199372157872158,
    2.55328356297474
  ],
  "support_like": false
}