{
  "test_name": "Euclid-Q1 filament ordering v7.3",
  "source_used": "sdss_public",
  "full_sample": {
    "r_mid_mpc_over_h": [
      30.0,
      50.0,
      70.0,
      90.0,
      110.0,
      130.0,
      150.0,
      170.0,
      190.0,
      210.0,
      230.0,
      250.0,
      270.0
    ],
    "corr": [
      0.16123497952525168,
      0.19870663367143634,
      0.20825758032649733,
      0.18835571821126854,
      0.20512972171175964,
      0.20413406854512972,
      0.21160980764781134,
      0.20182157990788072,
      0.2129923911109919,
      0.22859265258292502,
      0.19977561301927707,
      0.20073545695678918,
      0.18404612871252576
    ],
    "counts": [
      19655,
      27131,
      27790,
      28538,
      35690,
      33287,
      36510,
      31605,
      28142,
      30721,
      33178,
      41960,
      41770
    ],
    "stderr": [
      0.004359252905000893,
      0.003648019940318894,
      0.0036569279248362774,
      0.003640474959975688,
      0.0031749535928584875,
      0.0033123798553712667,
      0.0031326407751778237,
      0.0033883979985418274,
      0.0036110887412607873,
      0.00341479931560069,
      0.0032700244608031806,
      0.002880615463142968,
      0.0029333846479413063
    ],
    "r_edges": [
      20.0,
      40.0,
      60.0,
      80.0,
      100.0,
      120.0,
      140.0,
      160.0,
      180.0,
      200.0,
      220.0,
      240.0,
      260.0,
      280.0
    ],
    "exp_fit": {
      "amplitude": 0.20071166242848823,
      "scale_mpc_h": 100000.0,
      "chi2": 0.003149032841060323
    },
    "n_galaxies": 1200
  },
  "low_density": {
    "r_mid_mpc_over_h": [
      30.0,
      50.0,
      70.0,
      90.0,
      110.0,
      130.0,
      150.0,
      170.0,
      190.0,
      210.0,
      230.0,
      250.0,
      270.0
    ],
    "corr": [
      0.4192709342023366,
      0.3287822328872741,
      0.27996385270199703,
      0.2642584957413173,
      0.28555016076225387,
      0.229389067263705,
      0.27642356391518375,
      0.2881558551180158,
      0.3252806436869793,
      0.3341993156688553,
      0.34695590376808244,
      0.32416260871242286,
      0.34363877802039794
    ],
    "counts": [
      784,
      960,
      1057,
      1047,
      1098,
      1153,
      1386,
      1433,
      1642,
      1640,
      1659,
      1781,
      1640
    ],
    "stderr": [
      0.022100352910984476,
      0.02070538154400412,
      0.018783177653741462,
      0.01949231175854163,
      0.01823056612855758,
      0.018624836145526638,
      0.016078225249571806,
      0.01591672742772774,
      0.014587036952012269,
      0.014763273284626713,
      0.014541592499890716,
      0.01364789293088439,
      0.014368658728793395
    ],
    "r_edges": [
      20.0,
      40.0,
      60.0,
      80.0,
      100.0,
      120.0,
      140.0,
      160.0,
      180.0,
      200.0,
      220.0,
      240.0,
      260.0,
      280.0
    ],
    "exp_fit": {
      "amplitude": 0.3116979887127459,
      "scale_mpc_h": 100000.0,
      "chi2": 0.027503003252954506
    },
    "n_galaxies": 300
  },
  "high_density": {
    "r_mid_mpc_over_h": [
      30.0,
      50.0,
      70.0,
      90.0,
      110.0,
      130.0,
      150.0,
      170.0,
      190.0,
      210.0,
      230.0,
      250.0,
      270.0
    ],
    "corr": [
      0.14789871495880666,
      0.1969928334196959,
      0.27088256230663604,
      0.2460728766801193,
      0.1994482746058613,
      0.16112093123800322,
      0.128390178624715,
      0.22942558280927947,
      0.032223324665352465,
      0.3214506785969285,
      0.18993211274948116,
      0.1563772792957979,
      0.0469595744697244
    ],
    "counts": [
      2219,
      4123,
      833,
      1088,
      3961,
      2547,
      4074,
      1541,
      133,
      578,
      1179,
      4301,
      3439
    ],
    "stderr": [
      0.01271880124385873,
      0.00975560804072512,
      0.023174193076582833,
      0.01853317314932194,
      0.009493256419661762,
      0.011703014801970989,
      0.009146232304566543,
      0.015488764843153289,
      0.02010078946563624,
      0.02472938223612991,
      0.015106505517190524,
      0.008602163484206804,
      0.00928862560556254
    ],
    "r_edges": [
      20.0,
      40.0,
      60.0,
      80.0,
      100.0,
      120.0,
      140.0,
      160.0,
      180.0,
      200.0,
      220.0,
      240.0,
      260.0,
      280.0
    ],
    "exp_fit": {
      "amplitude": 0.22802402172470052,
      "scale_mpc_h": 602.1410974666982,
      "chi2": 0.07306288144977989
    },
    "n_galaxies": 300
  },
  "density_dependence_proxy": {
    "observed_high_minus_low_mean_corr_20_120_mpc_h": -0.09746642505829359,
    "null_mean": -0.1146037482590707,
    "null_std": 0.012951013406815075,
    "observed_z_vs_density_stratified_null": 1.3232418701504176,
    "n_null_draws": 12
  },
  "falsification_logic": {
    "confirm_like": "A large-scale orientational signal reappears and its amplitude depends on density in the direction expected from the reducing-volume prior.",
    "falsify_like": "No stable large-scale ordering appears, or the apparent density dependence collapses under density-stratified null controls."
  },
  "notes": [
    "This remains an independent transparent-finder proxy, not a Bisous/Tempel reproduction.",
    "New in v7.3: the test explicitly asks whether filament ordering is stronger in denser patches, as expected if cross-patch composition varies under the dimension-origin prior."
  ]
}
