{
  "falsification_logic": {
    "confirm_like": "The real signal exceeds both shuffled-axis and random-axis null controls over a separation range, not just one bin.",
    "falsify_like": "Comparable signal strength appears after shuffling or randomizing the filament axes."
  },
  "n_galaxies": 15000,
  "random_null_mean": [
    0.0007893168936093703,
    -0.00012086337519183295,
    0.0011277911432923983,
    0.00016507263341902727,
    4.680369071438347e-06,
    -0.0008377200331023231,
    -0.0005777573297900197,
    -0.002893781670811807,
    0.0009387257748464507,
    0.0015571362167853438,
    NaN,
    NaN
  ],
  "random_null_std": [
    0.0019616024608248785,
    0.001581445104644283,
    0.0024440284656901813,
    0.0018683568911861395,
    0.001995573339990619,
    0.0033630320015515303,
    0.0038609843623492396,
    0.005614563427972089,
    0.009451217370387333,
    0.017978411740172534,
    NaN,
    NaN
  ],
  "real_corr": [
    0.004664455894874625,
    0.0019355667774226433,
    0.002009667147592211,
    -0.0011280188414825871,
    0.0031106344171286677,
    -0.001221827615319461,
    -0.008414375107596291,
    -0.0014680757078214517,
    0.0026329086673383697,
    0.0073539156933614125,
    -0.0406108597059972,
    NaN
  ],
  "shuffle_null_mean": [
    0.0012851276587498215,
    0.0006746995722908691,
    0.0016933059808630726,
    -0.0006077602929827991,
    0.0013465982659695036,
    0.0010669829259768132,
    0.0015683566900887614,
    0.0016875435400955329,
    -0.0010953239406735521,
    0.007760626907380656,
    -0.004643808914598626,
    NaN
  ],
  "shuffle_null_std": [
    0.002395971162687614,
    0.001972746039067479,
    0.002015021274254288,
    0.002269674460462428,
    0.002476160888528351,
    0.002695399528209781,
    0.004407172108298336,
    0.004756189641050712,
    0.008184983624926744,
    0.01376397777078163,
    0.05495648087878682,
    NaN
  ],
  "test_name": "Filament null-control torture test",
  "z_vs_random": [
    1.9754966047685882,
    1.3003487421569606,
    0.3608288596797401,
    -0.6921008941073813,
    1.5564218993183332,
    -0.11421466760944597,
    -2.0296942547154044,
    0.2539299771532375,
    0.17925552086021776,
    0.3224300099670784,
    NaN,
    NaN
  ],
  "z_vs_shuffle": [
    1.4104210805000408,
    0.6391431943909965,
    0.15700140279968824,
    -0.2292216604463133,
    0.7124077273539274,
    -0.8491544638714271,
    -2.265110495432753,
    -0.663476330018637,
    0.45549664835710524,
    -0.029548958941405464,
    -0.6544642272624454,
    NaN
  ]
}