{
  "density_stratified_null_control": {
    "n_null_draws": 32,
    "null_mean": -0.1027781266956135,
    "null_std": 0.007728683812997366,
    "object_map_csv": "out_test02_filament_alignment_euclid_replication\\test02_filament_density_object_map.csv",
    "observed_high_minus_low_mean_corr_20_120_mpc_h": -0.04170989940327602,
    "observed_z_vs_density_stratified_null": 7.9015041590443555
  },
  "falsification_logic": {
    "confirm_like": "A positive orientational correlation with characteristic scale above ~100 Mpc/h reappears, is stronger in denser environments, and survives density-stratified shuffles of filament axes.",
    "falsify_like": "No stable large-scale correlation appears, or the apparent high-density enhancement collapses under density-stratified null controls."
  },
  "full_sample": {
    "corr": [
      0.20279234340727129,
      0.15488354970896676,
      0.16368333057934,
      0.15246295463477585,
      0.15220969754986535,
      0.1782094542799882,
      0.1714998351190247,
      0.174860559825484,
      0.16172890950597676,
      0.17342006335406665,
      0.17620818902294585,
      0.174064937173363,
      0.1667120902072957
    ],
    "exp_fit": {
      "amplitude": 0.16918706370402642,
      "chi2": 25.911686572791826,
      "scale_mpc_h": 1523392884673.9214
    },
    "n_galaxies": 5949,
    "name": "all",
    "pair_counts": [
      768,
      1390,
      1540,
      2394,
      2821,
      3501,
      3782,
      4007,
      4152,
      4243,
      4070,
      3923,
      3755
    ],
    "r_mid_mpc_over_h": [
      30.0,
      50.0,
      70.0,
      90.0,
      110.0,
      130.0,
      150.0,
      170.0,
      190.0,
      210.0,
      230.0,
      250.0,
      270.0
    ],
    "stderr": [
      0.013392020615060025,
      0.010028123913814198,
      0.00972282973428422,
      0.007827470667234656,
      0.007264075026853304,
      0.006463555313379628,
      0.006149127263647909,
      0.005994794808787743,
      0.005940184091961904,
      0.005885664628877871,
      0.006004757773903152,
      0.006136452247040829,
      0.006301307873839923
    ]
  },
  "high_density": {
    "corr": [
      0.21138697168276793,
      0.18748555286575744,
      0.253868165337934,
      0.20548945057426934,
      0.19128870533881964,
      0.17656172509305595,
      0.18240643484755342,
      0.1454484070883257,
      0.19715682934201634,
      0.1625682934626629,
      0.16831013647836765,
      0.14261279032321603,
      0.1585591219962921
    ],
    "exp_fit": {
      "amplitude": 0.22220190439352497,
      "chi2": 119.53618271151612,
      "scale_mpc_h": 684.8188006216116
    },
    "n_galaxies": 1488,
    "name": "high_density",
    "pair_counts": [
      2644,
      5751,
      2221,
      5114,
      2343,
      4709,
      2498,
      4313,
      2945,
      4208,
      2615,
      3620,
      2128
    ],
    "r_mid_mpc_over_h": [
      30.0,
      50.0,
      70.0,
      90.0,
      110.0,
      130.0,
      150.0,
      170.0,
      190.0,
      210.0,
      230.0,
      250.0,
      270.0
    ],
    "stderr": [
      0.007089994521622775,
      0.0047899468101832736,
      0.007768304194354132,
      0.004923785151830759,
      0.007617044253287346,
      0.005112760111657962,
      0.007345184196315155,
      0.005569518260981273,
      0.0067683888103507095,
      0.005641357818478276,
      0.007362077040433973,
      0.006166819226376049,
      0.008099503801509311
    ]
  },
  "low_density": {
    "corr": [
      0.30626795680559693,
      0.22107406732738763,
      0.2619783522075264,
      0.22955753470541762,
      0.23919043176999977,
      0.24315912719874064,
      0.23294122679733176,
      0.23639299037399705,
      0.20551269677350387,
      0.2415231947306073,
      0.2241078721150214,
      0.23089499500823862,
      0.21890562536054264
    ],
    "exp_fit": {
      "amplitude": 0.2581964810886179,
      "chi2": 57.48654905272418,
      "scale_mpc_h": 1661.479011910379
    },
    "n_galaxies": 1488,
    "name": "low_density",
    "pair_counts": [
      805,
      1277,
      2146,
      2625,
      2926,
      3274,
      3721,
      3523,
      3732,
      3752,
      4141,
      3449,
      3713
    ],
    "r_mid_mpc_over_h": [
      30.0,
      50.0,
      70.0,
      90.0,
      110.0,
      130.0,
      150.0,
      170.0,
      190.0,
      210.0,
      230.0,
      250.0,
      270.0
    ],
    "stderr": [
      0.01264709888433417,
      0.01078640755477031,
      0.008061156740773423,
      0.007309074031427554,
      0.007018400368730434,
      0.006442436618936331,
      0.006002635216997196,
      0.006189905825682512,
      0.006101113661006936,
      0.005910967308623532,
      0.005695398076934398,
      0.006209468132937716,
      0.00595984010681762
    ]
  },
  "notes": [
    "This is an independent transparent-finder replication, not a Bisous/Tempel catalogue reproduction.",
    "The script now forces the public Euclid Q1 sample instead of defaulting to an SDSS fallback path.",
    "The new null control preserves the coarse density distribution while breaking within-bin orientational coherence."
  ],
  "source_used": "euclid_q1_public_irsa_tap",
  "test_name": "Independent filament alignment replication"
}