{
  "best_down_abs_delta_from_2over3": 0.07186643300018059,
  "best_down_q": 0.7385330996668472,
  "best_down_scale_gev": 2000.0000000000002,
  "best_up_abs_delta_from_2over3": 0.21932474032185234,
  "best_up_q": 0.885991406988519,
  "best_up_scale_gev": 2000.0000000000002,
  "falsification_logic": {
    "confirm_like": "A physically narrow scale window emerges where the relevant sector is unusually close to 2/3 and that window is stable under reasonable input changes.",
    "falsify_like": "No privileged scale window survives; the special scale has to move ad hoc or disappears under updated inputs."
  },
  "notes": [
    "One-loop running is used here only as a transparent public-data stress test."
  ],
  "pdg_2024_lepton_q": 0.662922901143391,
  "scan_down_q_sample": [
    0.7485903571824978,
    0.7475844797343375,
    0.7467004020739172,
    0.7459116189377323,
    0.7451994498487038,
    0.7445502305576996,
    0.7439536620738286,
    0.7434017879203684,
    0.742888332840148,
    0.74240825967877,
    0.7419574633580466,
    0.7415325539784967,
    0.7411306995964286,
    0.7407495099897349,
    0.7403869492173146,
    0.7400412688119625,
    0.7397109560240743,
    0.7393946932204309,
    0.7390913256705948,
    0.738799835722986
  ],
  "scan_mu_gev": [
    2.0,
    2.8275216276147215,
    3.9974392773145015,
    5.651423005841657,
    7.989760387908341,
    11.295610148135111,
    15.969290995478175,
    22.57675783369378,
    31.918135528094624,
    45.124609259412686,
    63.795404309326436,
    90.19144271352295,
    127.50912744913015,
    180.2674077903486,
    254.85499714062672,
    360.3040081604048,
    509.3836877949081,
    720.1466969971241,
    1018.1151804073364,
    1439.371346002303
  ],
  "scan_up_q_sample": [
    0.8923179064332176,
    0.8916928386451891,
    0.8911420604574685,
    0.8906495433280432,
    0.8902039652649668,
    0.8897970279498919,
    0.8894224654567261,
    0.8890754290407865,
    0.8887520886845404,
    0.8884493656935466,
    0.8881647477591266,
    0.8878961577104635,
    0.8876418582594297,
    0.8874003814973879,
    0.8871704757992713,
    0.8869510652149418,
    0.8867412179784026,
    0.8865401217812572,
    0.8863470641369048,
    0.8861614166262077
  ],
  "test_name": "Koide-scale consistency"
}